epoch,steps,cosine_accuracy,cosine_accuracy_threshold,cosine_f1,cosine_precision,cosine_recall,cosine_f1_threshold,cosine_ap,cosine_mcc
1.0,522,0.9500959692898272,0.9269662921348314,0.9217877094972067,0.9322033898305084,0.9763052216330492,0.8890996058474285
2.0,1044,0.9673704414587332,0.9515669515669515,0.9597701149425287,0.943502824858757,0.9852693194531946,0.9270446308136544
3.0,1566,0.9731285988483686,0.96045197740113,0.96045197740113,0.96045197740113,0.9869522266398905,0.9401031401918276
