{
  "split": "test",
  "models": {
    "bm25": {
      "pair_average_precision": 0.3936051702066206,
      "pairs": 521,
      "precision@1": 0.9915966386554622,
      "recall@1": 0.8386816264967525,
      "ndcg@1": 0.9696969696969697,
      "mrr@1": 0.9957983193277311,
      "precision@3": 0.44817927170868344,
      "recall@3": 0.9824314341121063,
      "ndcg@3": 0.988816053138529,
      "mrr@3": 0.9957983193277311,
      "precision@5": 0.280672268907563,
      "recall@5": 0.9924277403269,
      "ndcg@5": 0.988816053138529,
      "mrr@5": 0.9957983193277311
    },
    "cross_encoder": {
      "pair_average_precision": 0.9355530301405391,
      "pairs": 521,
      "precision@1": 1.0,
      "recall@1": 0.8470849878412903,
      "ndcg@1": 1.0,
      "mrr@1": 1.0,
      "precision@3": 0.44817927170868344,
      "recall@3": 0.9824314341121063,
      "ndcg@3": 1.0,
      "mrr@3": 1.0,
      "precision@5": 0.280672268907563,
      "recall@5": 0.9924277403269,
      "ndcg@5": 1.0,
      "mrr@5": 1.0
    },
    "bi_encoder": {
      "pair_average_precision": 0.9921244390921605,
      "pairs": 521,
      "precision@1": 1.0,
      "recall@1": 0.8470849878412903,
      "ndcg@1": 1.0,
      "mrr@1": 1.0,
      "precision@3": 0.44817927170868344,
      "recall@3": 0.9824314341121063,
      "ndcg@3": 1.0,
      "mrr@3": 1.0,
      "precision@5": 0.280672268907563,
      "recall@5": 0.9924277403269,
      "ndcg@5": 1.0,
      "mrr@5": 1.0
    }
  }
}